<scrabble>
<dimension>20</dimension>
<dobles>
<casilla>
<x>2</x>
<y>5</y>
</casilla>
<casilla>
<x>7</x>
<y>9</y>
</casilla>
</dobles>
<triples>
<casilla>
<x>20</x>
<y>20</y>
</casilla>
<casilla>
<x>1</x>
<y>1</y>
</casilla>
</triples>
<diccionario>
<palabra>hola</palabra>
<palabra>mundo</palabra>
<palabra>como</palabra>
<palabra>estas</palabra>
<palabra>uno</palabra>
<palabra>dos</palabra>
<palabra>tres</palabra>
<palabra>universidad</palabra>
<palabra>practica</palabra>
<palabra>primera</palabra>
<palabra>correo</palabra>
<palabra>juego</palabra>
</diccionario>
</scrabble>